Engels,Nederlands,Foto
to agree,het eens zijn,1
to disagree,het oneens zijn,1
opinion,mening,1
nervous,zenuwachtig,1
to imagine,zich voorstellen,1
to conclude,concluderen,1
conclusion,conclusie,1
cheerful,opgewekt/vrolijk,1
cruel,wreed,1
to suppose,veronderstellen,1
to change your mind,van gedachte veranderen,1
religion,godsdienst,1
to pray,bidden,1
grateful,dankbaar,1
curious,nieuwsgierig,1
curious,eigenaardig,1
idea,idee,1
heaven,hemel,1
hell,hel,1
to realise,beseffen,1
aware of,zich bewust van,1
to mind,bezwaar hebben tegen,1
to care for,geven om,1
if/whether,of,1
sure/certain,zeker,1
incredible,ongelooflijk,1
human,menselijk,2
mind,geest,2
true,waar,2
truth,waarheid,2
to believe,geloven,2
to lie,liegen,2
lie,leugen,2
liar,leugenaar,2
clear,duidelijk,2
to promise,beloven,2
promise,belofte,2
stupid,stom,2
mad/crazy,gek,2
to remember,zich herinneren,2
secret,geheim,2
to refuse,weigeren,2
brain(s),hersens,2
to wonder,zich afvragen,2
to invent,uitvinden,2
to hesitate,aarzelen,2
to persuade,overreden/overhalen,2
to dare,durven,2
to advise,adviseren/aanraden,2
advice,advies/raad,2
wise,wijs/verstandig,2
to apologise,zich verontschuldigen,2
apology,verontschuldiging,2
to hate,haten,3
to dislike/to hate,een hekel hebben aan,3
hate,haat,3
it's a pity,het is jammer,3
nightmare,nachtmerrie,3
surprise,verrassing,3
surprised,verbaasd,3
to my surprise,tot mijn verbazing,3
pleasant,aangenaam/prettig,3
sad,droevig,3
tear,traan,3
devil,duivel,3
problem,probleem,3
afraid/scared (of),bang (voor),3
terrible,verschrikkelijk,3
feeling,gevoel,3
proud (of),trots (op),3
disappointed,teleurgesteld,3
to be homesick,heimwee hebben,3
mood,stemming,3
jealous (of),jaloers (op),3
to exist,bestaan,3
exciting/thrilling,spannend,3
lonely,eenzaam,3
amazing,verbazingwekkend,3
upset,van streek,3
enthusiastic,enthousiast,3
to seem,lijken,3
to forgive (forgave - forgiven),vergeven,3
emotion,emotie,4
to worry,zich zorgen maken,4
worried,bezorgd,4
worry,zorg,4
angry,boos,4
look,blik (in ogen),4
to love,houden van,4
of course,natuurlijk,4
in love (with),verliefd (op),4
to fall in love (with),verliefd worden (op),4
darling,schat/lieveling,4
to laugh (at),lachen (om),4
laughter,gelach,4
happy,gelukkig,4
to wish,wensen,4
kind,vriendelijk,4
date,afspraakje,4
to be fed up with something,iets zat zijn,4
to be sick of something,iets zat zijn,4
to cry,huilen,4
to cry/to shout,schreeuwen,4
a fool,een dwaas,4
to smile,glimlachen,4
smile,glimlach,4
wonderful/splendid,prachtig,4
to behave,zich gedragen,5
behaviour,gedrag,5
to warn,waarschuwen,5
warning,waarschuwing,5
to bully,pesten,5
bully,pestkop,5
sense of humour,gevoel voor humor,5
to get on/along,kunnen opschieten,5
(im)polite,(on)beleefd,5
hooligan,vandaal,5
to gamble,gokken,5
craze,rage,5
habit,gewoonte,5
addicted,verslaafd,5
addict,verslaafde,5
couch potato,tv-verslaafde,5
(dis)honest,(on)eerlijk,5
to trust,vertrouwen,5
to doubt,(be)twijfelen,5
doubt,twijfel,5
to quarrel,ruzie maken,5
quarrel/row,ruzie,5
excuse me,pardon,5
adventure,avontuur,5
excuse,excuus/smoes,5
in spite of/despite,ondanks,5
to handle,aanpakken,5
to remain,blijven,5
manners,manieren,5
ill/sick,ziek,6
sick,misselijk,6
health,gezondheid,6
healthy,gezond,6
because,omdat,6
medicine/drug,medicijn,6
to smoke,roken,6
smoke,rook,6
to try,proberen,6
cancer,kanker,6
flu,griep,6
to stay,blijven,6
illness/disease,ziekte,6
serious,ernstig,6
hospital,ziekenhuis,6
doctor,dokter,6
nurse,verpleegster,6
patient,patiënt,6
to hear (heard - heard),horen,6
to look,er uitzien,6
to feel (felt - felt),(zich) voelen,6
wound,wond,6
to die,sterven,6
dead,dood,6
life,(het) leven,6
to live,leven,6
death,de dood,6
nature,de natuur,7
wood,bos,7
enormous/huge,enorm,7
path,pad,7
along,langs,7
tree,boom,7
quiet,rustig,7
branch,tak,7
root,wortel,7
stick,stok,7
leaf (plural: leaves),blad,7
kind/sort,soort,7
mountain,berg,7
high,hoog,7
to cover,bedekken,7
such a,zo'n,7
to climb,(be)klimmen,7
hill,heuvel,7
rock,rots,7
ground,grond,7
spot,plek,7
flower,bloem,7
desert,woestijn,7
area,gebied,7
tulip,tulp,7
daffodil,narcis,7
rubbish/litter,rommel/afval,7
cave,grot,7
pain,pijn,8
headache,hoofdpijn,8
toothache,kiespijn,8
dentist,tandarts,8
to hurt (hurt - hurt),pijn doen,8
to hurt (hurt - hurt),bezeren,8
to move,bewegen,8
glasses,bril,8
spectacles,bril,8
without,zonder,8
to have a cold,verkouden zijn,8
deaf,doof,8
had better,kunt beter,8
so,dus,8
to wear (wore - worn),dragen (bril/kleding),8
contact lens,contactlens,8
to get well,beter worden,8
wheelchair,rolstoel,8
suitable,geschikt,8
disabled,gehandicapt,8
operation,operatie,8
surgeon,chirurg,8
to recover,herstellen,8
to slim,afslanken,8
What is the matter?,Wat is er aan de hand?,8
lake,meer,9
deep,diep,9
canal,kanaal,9
canal,gracht,9
river,rivier,9
across,over,9
wide,breed/wijd,9
clear,helder,9
bottom,bodem,9
to sink (sank - sunk),zinken,9
to drown,verdrinken,9
flood,overstroming,9
bridge,brug,9
mill,molen,9
power,kracht,9
coast,kust,9
island,eiland,9
beach,strand,9
sand,zand,9
wave,golf,9
ocean,oceaan,9
shell,schelp,9
shore,oever (van meer),9
bank,oever (van rivier),9
(im)possible,(on)mogelijk,9
below sea level,onder de zeespiegel,9
above sea level,boven de zeespiegel,9
weather forecast,weerbericht,10
temperature,temperatuur,10
degree,graad,10
below zero,onder nul,10
to freeze (froze - frozen),vriezen,10
to snow,sneeuwen,10
snow,sneeuw,10
whole,geheel,10
very/quite,heel/erg,10
sky,lucht/hemel,10
cloud,wolk,10
star,ster,10
lovely/beautiful,prachtig,10
rainbow,regenboog,10
maybe/perhaps,misschien,10
may,kan misschien,10
drop,druppel,10
earth,aarde,10
fog,mist,10
however,echter,10
rather/pretty,vrij/nogal,10
to blow (blew - blown),waaien/blazen,10
hurricane,orkaan,10
storm/gale,storm,10
to rise (rose - risen),stijgen/omhooggaan,10
weather,weer,11
shower,regenbui,11
to shine (shone - shone),schijnen,11
to rain,regenen,11
rain,regen,11
to expect,verwachten,11
umbrella,paraplu,11
dry,droog,11
wet,nat,11
chance,kans,11
sun,zon,11
sunny,zonnig,11
climate,klimaat,11
cool,koel,11
bad,slecht,11
worse-worst,slechter-slechtst,11
used to,gewend aan,11
shade,schaduw (geen zon),11
shadow,schaduw (vorm),11
towel,handdoek,11
